{
  "metadata": {
    "created_at": "2025-08-01T11:04:41.404850",
    "description": "Moving Firefighter Problem Instance",
    "version": "1.0"
  },
  "parameters": {
    "n": 10,
    "lambda_d": 2,
    "burnt_nodes": 1,
    "instance": 0,
    "dimension": 3,
    "edge_probability": 0.25,
    "D": 3,
    "B": 3,
    "seed": null
  },
  "graph": {
    "adjacency_matrix": [
      [
        0,
        1,
        0,
        1,
        0,
        0,
        0,
        1,
        0,
        0
      ],
      [
        1,
        0,
        0,
        0,
        0,
        0,
        1,
        0,
        0,
        0
      ],
      [
        0,
        0,
        0,
        1,
        1,
        0,
        0,
        0,
        0,
        0
      ],
      [
        1,
        0,
        1,
        0,
        0,
        1,
        0,
        1,
        0,
        0
      ],
      [
        0,
        0,
        1,
        0,
        0,
        0,
        1,
        0,
        0,
        1
      ],
      [
        0,
        0,
        0,
        1,
        0,
        0,
        0,
        0,
        1,
        1
      ],
      [
        0,
        1,
        0,
        0,
        1,
        0,
        0,
        1,
        1,
        0
      ],
      [
        1,
        0,
        0,
        1,
        0,
        0,
        1,
        0,
        0,
        0
      ],
      [
        0,
        0,
        0,
        0,
        0,
        1,
        1,
        0,
        0,
        0
      ],
      [
        0,
        0,
        0,
        0,
        1,
        1,
        0,
        0,
        0,
        0
      ]
    ],
    "distance_matrix": [
      [
        0.0,
        1.6132178858034059,
        1.4882473466182933,
        1.0338329885551214,
        1.6531367033329238,
        1.9595331362717714,
        0.9996739257291211,
        1.1149486801314648,
        1.6318925525734644,
        1.2193159163402305,
        1.0135217003524672
      ],
      [
        1.6132178858034059,
        0.0,
        0.5386592394642802,
        1.5147847613212801,
        1.3340960582278405,
        0.43614211884880033,
        1.5989178482181308,
        1.3552600770967482,
        0.6280229108927835,
        1.8891878870728418,
        1.2982707446263761
      ],
      [
        1.4882473466182933,
        0.5386592394642802,
        0.0,
        1.6970042960594374,
        1.0404675454595664,
        0.5859177160129635,
        1.7807291599746082,
        1.6199607683510733,
        1.081779986232816,
        1.8417152977300326,
        0.9471094849010496
      ],
      [
        1.0338329885551214,
        1.5147847613212801,
        1.6970042960594374,
        0.0,
        1.7772126902512495,
        1.8978805375878092,
        0.18311871555424167,
        0.4709525163386248,
        1.1301064244732633,
        0.9977046610864667,
        1.7642452733747098
      ],
      [
        1.6531367033329238,
        1.3340960582278405,
        1.0404675454595664,
        1.7772126902512495,
        0.0,
        1.3007648730855148,
        1.9190740517850724,
        1.9682436399424073,
        1.5158482384400438,
        1.3403496375815929,
        1.5230921881006718
      ],
      [
        1.9595331362717714,
        0.43614211884880033,
        0.5859177160129635,
        1.8978805375878092,
        1.3007648730855148,
        0.0,
        1.9989805998056847,
        1.777999236778843,
        0.94141691050471,
        2.134038708489575,
        1.502937065267227
      ],
      [
        0.9996739257291211,
        1.5989178482181308,
        1.7807291599746082,
        0.18311871555424167,
        1.9190740517850724,
        1.9989805998056847,
        0.0,
        0.41078749948892684,
        1.2343980403798225,
        1.1211690025651955,
        1.7708131992729195
      ],
      [
        1.1149486801314648,
        1.3552600770967482,
        1.6199607683510733,
        0.4709525163386248,
        1.9682436399424073,
        1.777999236778843,
        0.41078749948892684,
        0.0,
        0.9947838738394196,
        1.434482026751438,
        1.678289270045752
      ],
      [
        1.6318925525734644,
        0.6280229108927835,
        1.081779986232816,
        1.1301064244732633,
        1.5158482384400438,
        0.94141691050471,
        1.2343980403798225,
        0.9947838738394196,
        0.0,
        1.6593998868611892,
        1.6958371260602898
      ],
      [
        1.2193159163402305,
        1.8891878870728418,
        1.8417152977300326,
        0.9977046610864667,
        1.3403496375815929,
        2.134038708489575,
        1.1211690025651955,
        1.434482026751438,
        1.6593998868611892,
        0.0,
        1.9128451280907988
      ],
      [
        1.0135217003524672,
        1.2982707446263761,
        0.9471094849010496,
        1.7642452733747098,
        1.5230921881006718,
        1.502937065267227,
        1.7708131992729195,
        1.678289270045752,
        1.6958371260602898,
        1.9128451280907988,
        0.0
      ]
    ],
    "burnt_nodes": [
      8
    ],
    "num_vertices": 10,
    "num_edges": 14,
    "coordinates": null
  }
}