{
  "metadata": {
    "created_at": "2025-08-01T11:04:41.405741",
    "problem_file": "mfp_n10_lambda2_b1_20250801_110441_problem.json",
    "solver": "SCIP",
    "version": "1.0"
  },
  "solution": {
    "feasible": true,
    "objective": 8.0,
    "runtime": 7.8871307373046875,
    "not_interrupted": true,
    "defense_sequence": [
      [
        10,
        0,
        0
      ],
      [
        10,
        1,
        0
      ],
      [
        10,
        1,
        1
      ],
      [
        10,
        1,
        2
      ],
      [
        1,
        2,
        0
      ],
      [
        1,
        2,
        1
      ],
      [
        1,
        2,
        2
      ],
      [
        0,
        3,
        0
      ],
      [
        0,
        3,
        1
      ],
      [
        0,
        3,
        2
      ]
    ],
    "distances": [
      0.0,
      1.2982707446263761,
      2.911488630429782
    ]
  },
  "analysis": {
    "total_vertices": 10,
    "initially_burning": 1,
    "final_burned": 8.0,
    "vertices_saved": 2.0,
    "defended_vertices": 3
  }
}